method,duration_years,step_hours,steps,runtime_seconds,final_relative_energy_drift,max_relative_energy_drift
Adams-Bashforth,2.0,6.0,2922,0.07215675001498312,1.4436103591661402e-06,1.4436103591661402e-06
Adams-Moulton,2.0,6.0,2922,0.13555599993560463,7.267004986908548e-07,7.267004986908548e-07
Adams-Bashforth,20.0,24.0,7305,0.17876216711010784,0.0007476580832103907,0.0007476580832103907
Adams-Moulton,20.0,24.0,7305,0.33990012505091727,0.000332455329012524,0.000332455329012524
